<?xml version="1.0" encoding="UTF-8"?>
<teamcity-plugin xmlns:xsi="http://www.w3.org/2001/XMLSchema-instance" xsi:noNamespaceSchemaLocation="urn:schemas-jetbrains-com:teamcity-plugin-v1-xml">
    <info>
        <name>LoadRunner Professional</name>
        <display-name>LoadRunner Professional</display-name>
        <version>1.0-SNAPSHOT</version>
        <description>Allows to run load tests using LoadRunner Professional</description>
        <download-url>Plugin download URL</download-url>
        <email>Plugin author e-mail</email>
        <vendor>
            <name>MicroFocus</name>
            <url>@VendorURL@</url>
            <logo>Plugin vendor logo URL</logo>
        </vendor>
    </info>
    <deployment use-separate-classloader="true"/>
</teamcity-plugin>
